,url-page,title,date,url-gdrive,success
0,https://gkisalatiga.org/tata-ibadah-15-desember-2024/,Tata Ibadah 15 Desember 2024,2024-12-14T11:18:02+07:00,https://drive.google.com/file/d/1lxHn1ljnf_uX_cl0OyQ13wSpy4v8rZNX/preview,true
1,https://gkisalatiga.org/tata-ibadah-8-desember-2024/,Tata Ibadah 8 Desember 2024,2024-12-07T11:26:32+07:00,https://drive.google.com/file/d/1yTDTFNVZMAzVgd5KUWc5Ot7dgWf0U6mn/preview,true
2,https://gkisalatiga.org/tata-ibadah-1-desember-2024/,Tata Ibadah 1 Desember 2024,2024-11-30T11:31:24+07:00,https://drive.google.com/file/d/1DXYQ1XDTlB9yj5MM1cwDEfGlSHOziCSy/preview,true
3,https://gkisalatiga.org/tata-ibadah-24-november-2024/,Tata Ibadah 24 November 2024,2024-11-23T20:34:05+07:00,https://drive.google.com/file/d/1Y3A2SWhDQ-iX545PnbWXQIcPE3IH7rJ9/preview,true
4,https://gkisalatiga.org/tata-ibadah-17-november-2024/,Tata Ibadah 17 November 2024,2024-11-16T20:09:01+07:00,https://drive.google.com/file/d/1EREkjwAwjwpja0cxt2zMGkRK7CpvHLKj/preview,true
5,https://gkisalatiga.org/tata-ibadah-10-november-2024/,Tata Ibadah 10 November 2024,2024-11-09T21:36:12+07:00,https://drive.google.com/file/d/1YrR6iqKmMZ_NwI4hUzl7ae0sxLKo97C2/preview,true
6,https://gkisalatiga.org/tata-ibadah-3-november-2024/,Tata Ibadah 3 November 2024,2024-11-02T23:26:48+07:00,https://drive.google.com/file/d/1yYCtHcl9PSfHqmwG-7CeStdXC4EWjz8W/preview,true
7,https://gkisalatiga.org/tata-ibadah-20-oktober-2024/,Tata Ibadah 20 Oktober 2024,2024-10-20T01:18:23+07:00,https://drive.google.com/file/d/1j9WzRNTycMW5sBUHmLcw70eZtWMNcePJ/preview,true
8,https://gkisalatiga.org/tata-ibadah-13-oktober-2024/,Tata Ibadah 13 Oktober 2024,2024-10-12T17:37:34+07:00,https://drive.google.com/file/d/1HiMUsabt0uEqP-76Ts14AG_RK82KFMvD/preview,true
9,https://gkisalatiga.org/tata-ibadah-6-oktober-2024/,Tata Ibadah 6 Oktober 2024,2024-10-05T23:16:21+07:00,https://drive.google.com/file/d/1M_bydVlV97Y-7tm_en2fEmyv8p0TzaGz/preview,true
10,https://gkisalatiga.org/tata-ibadah-29-september-2024/,Tata Ibadah 29 September 2024,2024-09-28T18:28:04+07:00,https://drive.google.com/file/d/1jZE1aKMfUW3FGb5y6UuWye90oMf60Sg6/preview,true
11,https://gkisalatiga.org/tata-ibadah-22-september-2024/,Tata Ibadah 22 September 2024,2024-09-21T12:56:57+07:00,https://drive.google.com/file/d/1aAasW3ih4RIgk-6MXBmBskyeZLmzYqbg/preview,true
12,https://gkisalatiga.org/tata-ibadah-15-september-2024/,Tata Ibadah 15 September 2024,2024-09-15T01:32:20+07:00,https://drive.google.com/file/d/1n1FA4R5fNaGUMcrjSi8_noW3Lcl21qBj/preview,true
13,https://gkisalatiga.org/tata-ibadah-8-september-2024/,Tata Ibadah 8 September 2024,2024-09-07T12:44:24+07:00,https://drive.google.com/file/d/1wAqdOAO_T5Z-4WZ97li1UgkUypgtQA-D/preview,true
14,https://gkisalatiga.org/tata-ibadah-1-september-2024/,Tata Ibadah 1 September 2024,2024-09-01T03:36:15+07:00,https://drive.google.com/file/d/1frGFRfnX3tcOTOSStH_cquLEFthRwkgC/preview,true
15,https://gkisalatiga.org/tata-ibadah-minggu-25-agustus-2024/,Tata Ibadah Minggu 25 Agustus 2024,2024-08-25T05:26:49+07:00,https://drive.google.com/file/d/1o3PLHctYdIJK9d3txNqCIyXzrTrJJF0E/preview,true
16,https://gkisalatiga.org/tata-ibadah-18-agustus-2024/,Tata Ibadah 18 Agustus 2024,2024-08-17T13:07:41+07:00,https://drive.google.com/file/d/1y2PrzCoivVSO-E5rmv9PZ1tK1H9giF1x/preview,true
17,https://gkisalatiga.org/tata-ibadah-11-agustus-2024/,Tata Ibadah 11 Agustus 2024,2024-08-10T10:27:33+07:00,https://drive.google.com/file/d/1B3nsKhN70hw3i6aeZ4mWcYuzg5y-3O4O/preview,true
18,https://gkisalatiga.org/tata-ibadah-4-agustus-2024/,Tata Ibadah 4 Agustus 2024,2024-08-04T04:30:47+07:00,https://drive.google.com/file/d/1wyP5ZPSv6UkfetvXiPDtkhOIgKm_uY7M/preview,true
19,https://gkisalatiga.org/tata-ibadah-28-juli-2024/,Tata Ibadah 28 Juli 2024,2024-07-27T20:12:55+07:00,https://drive.google.com/file/d/1-hub0aGbeLGGNZtZSkeliJHeqU7-lE7z/preview,true
20,https://gkisalatiga.org/tata-ibadah-21-juli-2024/,Tata Ibadah 21 Juli 2024,2024-07-21T00:31:58+07:00,https://drive.google.com/file/d/1RlznHPNw7EuPp4Fz4yULoEuxABGUQHKR/preview,true
21,https://gkisalatiga.org/tata-ibadah-14-juli-2024/,Tata Ibadah 14 Juli 2024,2024-07-13T15:34:33+07:00,https://drive.google.com/file/d/1ci_-5c52SmrzViytC3xTStk7tNYLYevR/preview,true
22,https://gkisalatiga.org/tata-ibadah-7-juli-2024/,Tata Ibadah 7 Juli 2024,2024-07-06T17:43:38+07:00,https://drive.google.com/file/d/1jkskSKTwg3TBOBl-al8SexV-Ph_tAyVU/preview,false
23,https://gkisalatiga.org/tata-ibadah-30-juni-2024/,Tata Ibadah 30 Juni 2024,2024-06-29T17:42:06+07:00,https://drive.google.com/file/d/1QLxZ0bXpqJm2a9-J1_1jvxFWm09jorMu/preview,true
24,https://gkisalatiga.org/tata-ibadah-23-juni-2024/,Tata Ibadah 23 Juni 2024,2024-06-22T23:20:58+07:00,https://drive.google.com/file/d/1dNH87jeqIuTEKhkjHYTJ-TbmhFPQ-500/preview,true
25,https://gkisalatiga.org/tata-ibadah-16-juni-2024/,Tata Ibadah 16 Juni 2024,2024-06-15T23:01:40+07:00,https://drive.google.com/file/d/1zvx1f8S7FQ07e82y4e0e9fqPooUPdhgT/preview,true
26,https://gkisalatiga.org/tata-ibadah-9-juni-2024/,Tata Ibadah 9 Juni 2024,2024-06-08T21:02:47+07:00,https://drive.google.com/file/d/1pDV5KYQ9D8p7Qsw_tJXzEnjMr-EAmugY/preview,false
27,https://gkisalatiga.org/tata-ibadah-2-juni-2024/,Tata Ibadah 2 Juni 2024,2024-06-01T16:45:53+07:00,https://drive.google.com/file/d/1WC9bauiLi63L6ghlzunKUP2ujTh9ip-x/preview,true
28,https://gkisalatiga.org/tata-ibadah-minggu-trinitas-26-mei-2024/,Tata Ibadah Minggu Trinitas 26 Mei 2024,2024-05-26T06:44:39+07:00,https://drive.google.com/file/d/1keeoHyZG_iqBQ0-iZUuWdOcF9xzRQ9Qf/preview,true
29,https://gkisalatiga.org/tata-ibadah-minggu-19-mei-2024/,Tata Ibadah Minggu 19 Mei 2024,2024-05-18T20:27:32+07:00,https://drive.google.com/file/d/1LkMEADeGsFeDrkjQSoJluDImNuBAtcdz/preview,true
30,https://gkisalatiga.org/tata-ibadah-minggu-12-mei-2024/,Tata Ibadah Minggu 12 Mei 2024,2024-05-11T10:28:34+07:00,https://drive.google.com/file/d/1CRK-y02-9n_Ugr0MtDRTgLNuyYchSjVR/preview,true
31,https://gkisalatiga.org/tata-ibadah-kenaikan-tuhan-yesus-ke-surga/,Tata Ibadah Kenaikan Tuhan Yesus Ke Surga,2024-05-09T07:16:20+07:00,https://drive.google.com/file/d/1I01-ekKKPMSeDAbRqLAoyZZOSWYvwu2H/preview,true
32,https://gkisalatiga.org/tata-ibadah-minggu-5-mei-2024/,Tata Ibadah Minggu 5 Mei 2024,2024-05-04T14:34:23+07:00,https://drive.google.com/file/d/16rpyQoYG95udy3fOMUGzjYg-RPL48-eO/preview,false
33,https://gkisalatiga.org/tata-ibadah-minggu-28-april-2024/,Tata Ibadah Minggu 28 April 2024,2024-04-27T23:20:00+07:00,https://drive.google.com/file/d/1U5z6QYcRnqZLnSAD_baUVLSKCn6W-FOo/preview,false
34,https://gkisalatiga.org/tata-ibadah-minggu-21-april-2024/,Tata Ibadah Minggu 21 April 2024,2024-04-21T06:37:58+07:00,https://drive.google.com/file/d/1WSRzJlc1HmIB78ydhQfLp521aIBlFf_t/preview,true
35,https://gkisalatiga.org/tata-ibadah-minggu-14-april/,Tata Ibadah Minggu 14 April,2024-04-13T21:06:10+07:00,https://drive.google.com/file/d/15-03wlT6zkFpziwxaAspx2REa-uOnrjn/preview,true
36,https://gkisalatiga.org/tata-ibadah-minggu-7-april-2024/,Tata Ibadah Minggu 7 April 2024,2024-04-07T06:42:30+07:00,https://drive.google.com/file/d/1xiBb6JnceuGNE0N4YKXoVm16UKB2fety/preview,true
37,https://gkisalatiga.org/tata-ibadah-minggu-paskah-31-maret-2024/,Tata Ibadah Minggu Paskah 31 Maret 2024,2024-03-30T21:08:06+07:00,https://drive.google.com/file/d/1UKrQ86NhJ75hhm11BqqQqUXqE0iko1YG/preview,true
38,https://gkisalatiga.org/tata-ibadah-sabtu-sunyi-30-maret-2024/,Tata Ibadah Sabtu Sunyi 30 Maret 2024,2024-03-30T11:11:49+07:00,https://drive.google.com/file/d/1bnv9FIcLqXyxEJmdcl1LDJYbcCh4NzZM/preview,true
39,https://gkisalatiga.org/tata-ibadah-jumat-agung-29-maret-2024/,Tata Ibadah Jumat Agung 29 Maret 2024,2024-03-29T10:00:48+07:00,https://drive.google.com/file/d/1wYlegT7b72JdcTkw8iAytLtGhI7oBI_R/preview,true
40,https://gkisalatiga.org/tata-ibadah-kamis-putih-28-maret-2024/,Tata Ibadah Kamis Putih 28 Maret 2024,2024-03-28T15:41:35+07:00,https://drive.google.com/file/d/1rBK1FKIO69x6SAWBJNE-hlHwwAgIVTqU/preview,false
41,https://gkisalatiga.org/tata-ibadah-24-maret-2024/,Tata Ibadah 24 Maret 2024,2024-03-24T00:01:15+07:00,https://drive.google.com/file/d/1nm-UUWongT6_i_MrHS2EM7njYwgLiTQq/preview,true
42,https://gkisalatiga.org/tata-ibadah-17-maret-2024/,Tata Ibadah 17 Maret 2024,2024-03-16T20:11:51+07:00,https://drive.google.com/file/d/1CmKvt1OtXhWKR67tELzj-caS9GEa0Psc/preview,true
43,https://gkisalatiga.org/tata-ibadah-10-maret-2024/,Tata Ibadah 10 Maret 2024,2024-03-10T01:51:31+07:00,https://drive.google.com/file/d/1aMtzYawIIo08jTCBCursPXutJQsXAUqB/preview,true
44,https://gkisalatiga.org/tata-ibadah-3-maret-2024/,Tata Ibadah 3 Maret 2024,2024-03-03T01:21:06+07:00,https://drive.google.com/file/d/1js7q5iZ3Ju4B-NBTIFsnboQ3hWqIm54E/preview,true
45,https://gkisalatiga.org/tata-ibadah-18-februari-2024/,Tata Ibadah 18 Februari 2024,2024-02-18T07:01:39+07:00,https://drive.google.com/file/d/15HSwcD4RFxciox4S_w5Rg91Uc5DdDJ6C/preview,true
46,https://gkisalatiga.org/tata-ibadah-rabu-abu-14-februari-2024/,Tata Ibadah Rabu Abu 14 Februari 2024,2024-02-14T12:35:37+07:00,https://drive.google.com/file/d/1tKIQkU-kFB_ONtN_M6R8NHVLmSoFscnx/preview,true
47,https://gkisalatiga.org/tata-ibadah-11-februari-2024/,Tata Ibadah 11 Februari 2024,2024-02-11T04:58:38+07:00,https://drive.google.com/file/d/19BW38wwoEbCjIJ35CwvJGItE08m_b4-A/preview,true
48,https://gkisalatiga.org/tata-ibadah-4-februari-2024/,Tata Ibadah 4 Februari 2024,2024-02-04T06:12:46+07:00,https://drive.google.com/file/d/1tHzLoPLT8khvt1yGzYGuPqj6BI-C_I1w/preview,true
49,https://gkisalatiga.org/tata-ibadah-28-januari-2024/,Tata Ibadah 28 Januari 2024,2024-01-28T08:03:38+07:00,https://drive.google.com/file/d/1vJOT85Hu1aUcJ1FqY5fVo7roBQmLueUM/preview,true
50,https://gkisalatiga.org/tata-ibadah-21-januari-2024-hut-ke-81-gki-salatiga/,Tata Ibadah 21 Januari 2024 (HUT ke-81 GKI Salatiga),2024-01-21T00:39:51+07:00,special-case,
51,https://gkisalatiga.org/tata-ibadah-14-januari-2024/,Tata Ibadah 14 Januari 2024,2024-01-14T06:18:10+07:00,https://drive.google.com/file/d/12Gs96dUE1r2lbwlbMX0zM0wl406poQYg/preview,true
52,https://gkisalatiga.org/tata-ibadah-minggu-7-januari-2024/,Tata Ibadah Minggu 7 Januari 2024,2024-01-06T21:14:59+07:00,https://drive.google.com/file/d/1AJmCJ17BlzWQz5x0qhjqL7dcYW5s6z33/preview,true
53,https://gkisalatiga.org/tata-ibadah-tahun-baru-1-januari-2024/,Tata Ibadah Tahun Baru – 1 Januari 2024,2024-01-01T03:01:31+07:00,https://drive.google.com/file/d/17ufJ3XWyMZvJtPP90lserzCeAdQnf-mv/preview,true
54,https://gkisalatiga.org/liturgi-ibadah-tutup-tahun-31-desember-2023/,Liturgi Ibadah Tutup Tahun 31 Desember 2023,2023-12-31T14:35:39+07:00,https://drive.google.com/file/d/1cp5zdcOVdiHPRde6BDw7Tp6YuHzTw8A4/preview,true
55,https://gkisalatiga.org/tata-ibadah-31-desember-2023/,Tata Ibadah 31 Desember 2023,2023-12-30T14:59:29+07:00,https://drive.google.com/file/d/1p7BWRMWyX7qjasCNc0D8vawyCMzbJEeH/preview,true
56,https://gkisalatiga.org/liturgi-ibadah-natal-25-desember/,Liturgi Ibadah Natal 25 Desember,2023-12-25T08:03:31+07:00,https://drive.google.com/file/d/105irwYssA7FqGc5o0bwlGLOfuBdqQGih/preview,true
57,https://gkisalatiga.org/liturgi-malam-natal-24-desember/,Liturgi Malam Natal 24 Desember,2023-12-24T16:33:46+07:00,https://drive.google.com/file/d/1gz2AE91CWH533bYmtlh4xN-r3AOpEtRc/preview,true
58,https://gkisalatiga.org/tata-ibadah-minggu-adven-4-24-desember-2023/,Tata Ibadah Minggu Adven 4 – 24 Desember 2023,2023-12-23T22:09:16+07:00,https://drive.google.com/file/d/1NwI4KZ62_8c0B2tgMd4prX2ksMFMI2MW/preview,true
59,https://gkisalatiga.org/tata-ibadah-minggu-17-desember-2023-adven-iii/,Tata Ibadah Minggu 17 Desember 2023 (Adven III),2023-12-17T05:55:47+07:00,https://drive.google.com/file/d/1G5lqppipNfvOGyxpcnGh5lVmY0s9puWm/preview,true
60,https://gkisalatiga.org/tata-ibadah-10-desember-2023/,Tata Ibadah 10 Desember 2023,2023-12-09T11:11:30+07:00,https://drive.google.com/file/d/1XeLNteywxBeQNTjEyg14m6aAJGKaEKMx/preview,true
61,https://gkisalatiga.org/tata-ibadah-3-desember-2023/,Tata Ibadah 3 Desember 2023,2023-12-03T07:44:00+07:00,https://drive.google.com/file/d/1RrqN0_9U84xawH7p39ebclmV3cnDOhEa/preview,true
62,https://gkisalatiga.org/tata-ibadah-26-november-2023/,Tata Ibadah 26 November 2023,2023-11-26T07:09:33+07:00,https://drive.google.com/file/d/17nUwqusNaJmK5da6pajM-J9kUUyS8yhI/preview,true
63,https://gkisalatiga.org/tata-ibadah-minggu-19-november-2023/,Tata Ibadah Minggu 19 November 2023,2023-11-19T05:35:10+07:00,https://drive.google.com/file/d/1SJPN0EvmLxdsTp2llnAo4Zpz4CYaiE0L/preview,true
64,https://gkisalatiga.org/tata-ibadah-12-november-2023/,Tata Ibadah 12 November 2023,2023-11-12T06:39:44+07:00,https://drive.google.com/file/d/1Lj4OiqKxEF-4qwrg08Tx3sb1-m5jbbr1/preview,true
65,https://gkisalatiga.org/tata-ibadah-minggu-29-oktober-2023/,Tata Ibadah Minggu 29 Oktober 2023,2023-10-29T06:34:52+07:00,https://drive.google.com/file/d/1ZjzISwhXTp8pKocWXvPsMegXKut-5M7k/preview,true
66,https://gkisalatiga.org/tata-ibadah-22-oktober-2023/,Tata Ibadah 22 Oktober 2023,2023-10-21T17:11:48+07:00,https://drive.google.com/file/d/1ZnHU8BzzsY8zzm0qmN-D7VMRWub1Stax/preview,true
67,https://gkisalatiga.org/tata-ibadah-minggu-15-oktober-2023/,Tata Ibadah Minggu 15 Oktober 2023,2023-10-15T06:58:19+07:00,https://drive.google.com/file/d/18XbsbFERMZg9-whOSptGbrzr0UOqzNcO/preview,true
68,https://gkisalatiga.org/tata-ibadah-minggu-8-oktober-2023/,Tata Ibadah Minggu 8 Oktober 2023,2023-10-08T06:04:26+07:00,https://drive.google.com/file/d/1HVEofrWP4tesYPPqLXWt8H4C1YFz4czu/preview,true
69,https://gkisalatiga.org/tata-ibadah-1-oktober-2023-minggu-pembukaan-bulan-keluarga/,Tata Ibadah 1 Oktober 2023 (Minggu Pembukaan Bulan Keluarga),2023-09-30T17:19:31+07:00,https://drive.google.com/file/d/1XsJgZIFQCTC6mA5lijVY5UKtXcdNS_Jr/preview,true
70,https://gkisalatiga.org/tata-ibadah-24-september-2023/,Tata Ibadah 24 September 2023,2023-09-23T17:08:51+07:00,https://drive.google.com/file/d/1Zb-eQTvY5K9O-xgaShmOcwNraoC-04rh/preview,true
71,https://gkisalatiga.org/tata-ibadah-minggu-17-september-2023/,Tata Ibadah Minggu 17 September 2023,2023-09-16T19:03:34+07:00,https://drive.google.com/file/d/1CBTxT_sNR2gveAJ69j55O7Nd6oDNMerM/preview,true
72,https://gkisalatiga.org/tata-ibadah-minggu-10-september-2023/,Tata Ibadah Minggu 10 September 2023,2023-09-10T06:07:14+07:00,https://drive.google.com/file/d/1y4frrBqNoBVgWew2TDGUA5Ror9kieM4c/preview,true
73,https://gkisalatiga.org/tata-ibadah-minggu-3-september-2023/,Tata Ibadah Minggu 3 September 2023,2023-09-02T21:14:49+07:00,https://drive.google.com/file/d/1BObVIwXkrQQ54Rv40BnNZUstRekK-W7t/preview,true
74,https://gkisalatiga.org/tata-ibadah-minggu-20-agustus-2023/,Tata Ibadah Minggu 20 Agustus 2023,2023-08-19T16:20:48+07:00,https://drive.google.com/file/d/1izTs2b_qFWpVTwMnenK_aTP_L3Zj0ykZ/preview,true
75,https://gkisalatiga.org/tata-ibadah-minggu-13-agustus-2023/,Tata Ibadah Minggu 13 Agustus 2023,2023-08-12T10:10:51+07:00,https://drive.google.com/file/d/18ORM8vMT_k0V9FgWhG2dlsJxf13-KT_A/preview,true
76,https://gkisalatiga.org/tata-ibadah-minggu-6-agustus-2023/,Tata Ibadah Minggu 6 Agustus 2023,2023-08-05T11:27:39+07:00,https://drive.google.com/file/d/1wON3KKIMy3qRkFCtdTtf2d6TocHcA_Rw/preview,true
77,https://gkisalatiga.org/tata-ibadah-minggu-30-juli-2023/,Tata Ibadah Minggu 30 Juli 2023,2023-07-29T13:48:05+07:00,https://drive.google.com/file/d/185lEzERJb1Ro-hQC2leBbnRxbclKfhTc/preview,true
78,https://gkisalatiga.org/warta-jemaat-16-juli-2023/,Warta Jemaat 16 Juli 2023,2023-07-16T09:11:19+07:00,https://drive.google.com/file/d/1g__ei1ZzhxixA5zT_icM1QAD6C5g_mwj/preview,true
79,https://gkisalatiga.org/tata-ibadah-minggu-16-juli-2023/,Tata Ibadah Minggu 16 Juli 2023,2023-07-16T09:09:38+07:00,https://drive.google.com/file/d/1oNTWsVNubicZjezSIigyYt7_ktOwy_I8/preview,true
80,https://gkisalatiga.org/tata-ibadah-9-juli-2023/,Tata Ibadah 9 Juli 2023,2023-07-09T00:05:54+07:00,https://drive.google.com/file/d/1QNDQTjnD2txq2R2fy4oisUMPjaF4qOjk/preview,true
81,https://gkisalatiga.org/tata-ibadah-minggu-2-juli-2023/,Tata Ibadah Minggu 2 Juli 2023,2023-07-02T07:43:52+07:00,https://drive.google.com/file/d/1tzzDp5PhMMt8SaRyN2S3R5gjDWVwoEf7/preview,true
82,https://gkisalatiga.org/tata-ibadah-minggu-25-juni-2023/,Tata Ibadah Minggu 25 Juni 2023,2023-06-24T13:46:42+07:00,https://drive.google.com/file/d/12utWGnrqAsVcKbD92QzAPQBU0YNVyx2c/preview,true
83,https://gkisalatiga.org/tata-ibadah-minggu-18-juni-2023/,Tata Ibadah Minggu 18 Juni 2023,2023-06-17T15:30:48+07:00,https://drive.google.com/file/d/1iXo3BSb8FJvAwPFmduh2xXuxOIS-gjzc/preview,true
84,https://gkisalatiga.org/tata-ibadah-minggu-11-juni-2023/,Tata Ibadah Minggu 11 Juni 2023,2023-06-10T20:15:48+07:00,https://drive.google.com/file/d/1ERbkc7pksoxxFQ3d1PZL85ivODa6tI8U/preview,true
85,https://gkisalatiga.org/tata-ibadah-minggu-trinitas-4-juni-2023/,Tata Ibadah Minggu Trinitas 4 Juni 2023,2023-06-03T23:18:28+07:00,https://drive.google.com/file/d/1kb_euRjFY4SuNP8r7BSmisLQA8JCgKSK/preview,true
86,https://gkisalatiga.org/tata-ibadah-minggu-pentakosta-28-mei-2023/,Tata Ibadah Minggu Pentakosta 28 Mei 2023,2023-05-28T05:02:25+07:00,https://drive.google.com/file/d/1KUAV8UF0x8YbFoAxexjtY2gyozO2bPcN/preview,true
87,https://gkisalatiga.org/tata-ibadah-minggu-21-mei-2023/,Tata Ibadah Minggu 21 Mei 2023,2023-05-20T15:23:10+07:00,https://drive.google.com/file/d/16L77PgAf6s1i1Cwcjj3uD-DgixPa11B3/preview,true
88,https://gkisalatiga.org/tata-ibadah-kenaikan-tuhan-yesus-18-mei-2023/,Tata Ibadah Kenaikan Tuhan Yesus – 18 Mei 2023,2023-05-18T08:32:48+07:00,https://drive.google.com/file/d/1dA3Z96xgMf3X-vppfg3zogYbtJUzsoRg/preview,true
89,https://gkisalatiga.org/tata-ibadah-14-mei-2023/,Tata Ibadah 14 Mei 2023,2023-05-13T23:22:56+07:00,https://drive.google.com/file/d/1YSuRDTpjhSbjzwZYGbd3P9aafNAMdCE4/preview,true
90,https://gkisalatiga.org/tata-ibadah-7-mei-2023/,Tata Ibadah 7 Mei 2023,2023-05-06T18:27:17+07:00,https://drive.google.com/file/d/1OWeAOarx3mbrAkmI8T-avEmHsxFVexGl/preview,true
91,https://gkisalatiga.org/tata-ibadah-minggu-30-april-2023/,Tata Ibadah Minggu 30 April 2023,2023-04-29T16:16:05+07:00,https://drive.google.com/file/d/16yv3k7CcuYTbhNaMpoMTv_ySj3Nw1-G0/preview,true
92,https://gkisalatiga.org/tata-ibadah-minggu-23-april-2023/,Tata Ibadah Minggu 23 April 2023,2023-04-22T08:17:53+07:00,https://drive.google.com/file/d/1m-d1QbH5W85MvNizacu_KaljIh47vJAc/preview,true
93,https://gkisalatiga.org/tata-ibadah-16-april-2023/,Tata Ibadah 16 April 2023,2023-04-15T10:06:09+07:00,https://drive.google.com/file/d/1XC7xLfHLH8D_vxyTnfXE5epE7yuG5vi7/preview,true
94,https://gkisalatiga.org/liturgi-minggu-paskah-9-april-2023/,Liturgi Minggu Paskah 9 April 2023,2023-04-08T23:46:19+07:00,https://drive.google.com/file/d/10NeKoYvYRJamA3DNAK34M-q3cznQ07sm/preview,true
95,https://gkisalatiga.org/tata-ibadah-2-april-2023-minggu-palmarum/,Tata Ibadah 2 April 2023 (Minggu Palmarum),2023-04-01T16:22:21+07:00,https://drive.google.com/file/d/1IUH-PxeJBCtODV_LjaoeipEHLtvrnVv-/preview,true
96,https://gkisalatiga.org/tata-ibadah-minggu-19-maret-2023/,Tata Ibadah Minggu 19 Maret 2023,2023-03-18T23:03:57+07:00,https://drive.google.com/file/d/1C4lEFtx0lqF8nXRKKr-PuILX_YqyMQ6F/preview,true
97,https://gkisalatiga.org/tata-ibadah-minggu-12-maret-2022/,Tata Ibadah Minggu 12 Maret 2022,2023-03-11T15:43:09+07:00,https://drive.google.com/file/d/19jEr19CwQlTEE8fnfpuzCDifsEZwoUWg/preview,true
98,https://gkisalatiga.org/tata-ibadah-26-februari-2023/,Tata Ibadah 26 Februari 2023,2023-02-25T12:10:32+07:00,https://drive.google.com/file/d/1x8c_xA4r7RXhcovtEo5OlLokYS5JxGGn/preview,true
99,https://gkisalatiga.org/tata-ibadah-19-februari-2023/,Tata Ibadah 19 Februari 2023,2023-02-18T11:02:01+07:00,https://drive.google.com/file/d/1EV8tToemEfRxF2oMakYg9LweTGdO_Sws/preview,true
100,https://gkisalatiga.org/tata-ibadah-minggu-12-februari-2023/,Tata Ibadah Minggu 12 Februari 2023,2023-02-11T18:40:16+07:00,https://drive.google.com/file/d/1p7Z-BdGrbJ5YT941GxCjhIN2n0BG2A_k/preview,true
101,https://gkisalatiga.org/tata-ibadah-minggu-5-februari-2023/,Tata Ibadah Minggu 5 Februari 2023,2023-02-04T10:38:56+07:00,https://drive.google.com/file/d/1DSPvX42j7q6OtwDIrOd7e8yhAS1mJbqG/preview,true
102,https://gkisalatiga.org/tata-ibadah-minggu-29-januari-2023/,Tata Ibadah Minggu 29 Januari 2023,2023-01-28T15:11:00+07:00,https://drive.google.com/file/d/14qVgldfp74av__fAH14TewMjhgzkAJdE/preview,true
103,https://gkisalatiga.org/tata-ibadah-minggu-epifani-8-januari-2023/,Tata Ibadah Minggu Epifani 8 Januari 2023,2023-01-07T10:54:18+07:00,https://drive.google.com/file/d/1E3oGuagyPZs607qJc84S2GptugAm-qCY/preview,true
104,https://gkisalatiga.org/tata-ibadah-minggu-tahun-baru-1-januari/,Tata Ibadah Minggu Tahun Baru 1 Januari,2022-12-31T16:19:59+07:00,https://drive.google.com/file/d/1FTUJN18Z_5cwUZKEL4bD1Lu0soYe_sG8/preview,true
105,https://gkisalatiga.org/tata-ibadah-tutup-tahun-2022/,Tata Ibadah Tutup Tahun 2022,2022-12-31T15:35:03+07:00,https://drive.google.com/file/d/1I9Wx3jImhq2itVX577BZ6Y03m2EyXjXe/preview,true
106,https://gkisalatiga.org/liturgi-malam-natal-24-desember-2022/,Liturgi Malam Natal 24 Desember 2022,2022-12-24T12:31:42+07:00,https://drive.google.com/file/d/1cKqo4aXHsaK8Ex3q6-madd6u-l0fKxSH/preview,true
107,https://gkisalatiga.org/tata-ibadah-minggu-adven-iv-18-desember-2022/,Tata Ibadah Minggu Adven IV – 18 Desember 2022,2022-12-17T15:34:05+07:00,https://drive.google.com/file/d/162qyC63ChQDIXo6aegcQxeVLzq93d1YC/preview,true
108,https://gkisalatiga.org/tata-ibadah-minggu-adven-iii-11-desember-2022/,Tata Ibadah Minggu Adven III – 11 Desember 2022,2022-12-10T14:17:16+07:00,https://drive.google.com/file/d/1DV1mJnVojP-cIN_iVXXrRG4FDcr9R9Na/preview,true
109,https://gkisalatiga.org/tata-ibadah-minggu-adven-1-27-november-2022/,Tata Ibadah Minggu Adven 1 – 27 November 2022,2022-11-26T12:39:50+07:00,https://drive.google.com/file/d/126pVSF51iDT7YHgag1vpFNCW0IkqUTqd/preview,true
110,https://gkisalatiga.org/tata-ibadah-minggu-20-november-2022/,Tata Ibadah Minggu 20 November 2022,2022-11-19T12:14:32+07:00,https://drive.google.com/file/d/1JlC7kL3Wot4MKzFmGBa8llzGFRqLxfet/preview,true
111,https://gkisalatiga.org/tata-ibadah-minggu-13-november-2022/,Tata Ibadah Minggu 13 November 2022,2022-11-12T13:42:41+07:00,https://drive.google.com/file/d/1SHp99mbxKFXB25yDy1RP77W_e_nX676H/preview,true
112,https://gkisalatiga.org/tata-ibadah-minggu-6-november-2022/,Tata Ibadah Minggu 6 November 2022,2022-11-05T14:23:28+07:00,https://drive.google.com/file/d/1jdlFlpBsNywfN9O68L54w9THBq_P_Gyj/preview,true
113,https://gkisalatiga.org/tata-ibadah-30-oktober-2022/,Tata Ibadah 30 Oktober 2022,2022-10-29T14:52:31+07:00,https://drive.google.com/file/d/1t3YEE5A0BDbAcc0egmXtqQ4Q8H1EXlH-/preview,true
114,https://gkisalatiga.org/tata-ibadah-minggu-23-oktober-2022/,Tata Ibadah Minggu 23 Oktober 2022,2022-10-22T12:52:52+07:00,https://drive.google.com/file/d/1ZXMrMAXbJ8_EetCwZNGoUrlgEOUL9rNx/preview,true
115,https://gkisalatiga.org/tata-ibadah-minggu-16-oktober-2022/,Tata Ibadah Minggu 16 Oktober 2022,2022-10-16T05:58:14+07:00,https://drive.google.com/file/d/1nPJQc3n9mmVoD_Gj8hRuuJYwevD_imX5/preview,true
116,https://gkisalatiga.org/tata-ibadah-minggu-9-oktober-2022/,Tata Ibadah Minggu 9 Oktober 2022,2022-10-08T14:02:10+07:00,https://drive.google.com/file/d/1JzR6HgMR-t5q213Goyv360VgUEL-yaz1/preview,true
117,https://gkisalatiga.org/tata-ibadah-minggu-2-oktober-2022/,Tata Ibadah Minggu 2 Oktober 2022,2022-10-01T13:33:49+07:00,https://drive.google.com/file/d/1nSgFqK5ZpGaFJRHKBgVjcFEXaKaa7mJ0/preview,true
118,https://gkisalatiga.org/tata-ibadah-minggu-25-september-2022/,Tata Ibadah Minggu 25 September 2022,2022-09-24T16:01:12+07:00,https://drive.google.com/file/d/1ArYOWB5bjawIEOXLvCKajamJMIIPtC3p/preview,true
119,https://gkisalatiga.org/tata-ibadah-minggu-18-september-2022/,Tata Ibadah Minggu 18 September 2022,2022-09-17T16:08:52+07:00,https://drive.google.com/file/d/1wjV2uqsz_D1UGrJt2oBtvZ7XzFv_oOsN/preview,true
120,https://gkisalatiga.org/tata-ibadah-minggu-11-september-2022/,Tata Ibadah Minggu 11 September 2022,2022-09-10T19:45:30+07:00,https://drive.google.com/file/d/1BdeScEJGY4Ku2dyP-s2_pUliPUr07J1v/preview,true
121,https://gkisalatiga.org/tata-ibadah-minggu-4-september-2022/,Tata Ibadah Minggu 4 September 2022,2022-09-03T15:46:40+07:00,https://drive.google.com/file/d/14eOtkwEa3YE4hlBTAA6ni1p_5b2X-LCI/preview,true
122,https://gkisalatiga.org/tata-ibadah-hut-ke-34-sinode-gki/,Tata Ibadah HUT Ke-34 Sinode GKI – 28 Agustus 2022,2022-08-28T06:40:42+07:00,https://drive.google.com/file/d/1GwlI9A6GbuTRipObWC-EV1X-PSMaAUZZ/preview,true
123,https://gkisalatiga.org/tata-ibadah-minggu-21-agustus-2022/,Tata Ibadah Minggu 21 Agustus 2022,2022-08-21T06:29:40+07:00,https://drive.google.com/file/d/1Yzznu6rBihEzKu-0XF32ax1An1rW5SMM/preview,true
124,https://gkisalatiga.org/tata-ibadah-minggu-14-agustus-2022/,Tata Ibadah Minggu 14 Agustus 2022,2022-08-14T05:57:50+07:00,https://drive.google.com/file/d/1v6fRNytaToDq_FN7j_qhgub-eYl1Tucn/preview,true
125,https://gkisalatiga.org/tata-ibadah-minggu-31-juli-2022/,Tata Ibadah Minggu 31 Juli 2022,2022-07-30T22:29:41+07:00,https://drive.google.com/file/d/14jKv_KOLcca831jTQr733R_QXGKsR2UF/preview,true
126,https://gkisalatiga.org/tata-ibadah-minggu-hari-anak-nasional-24-juli-2022/,Tata Ibadah Minggu (Hari Anak Nasional) – 24 Juli 2022,2022-07-23T23:02:47+07:00,https://drive.google.com/file/d/1yE1rdpx4EOlqN0QXIG4lBVcLGzISx8TB/preview,true
127,https://gkisalatiga.org/tata-ibadah-minggu-17-juli-2022/,Tata Ibadah Minggu 17 Juli 2022,2022-07-16T16:34:37+07:00,https://drive.google.com/file/d/1AidMABnr1dCvmUwKHi5cJ8Z76dHDoMyY/preview,true
128,https://gkisalatiga.org/tata-ibadah-minggu-10-juli-2022/,Tata Ibadah Minggu 10 Juli 2022,2022-07-10T06:43:32+07:00,https://drive.google.com/file/d/1PSAnAvPaNba6x2XLAKpAK6VNRzoqAD0H/preview,true
129,https://gkisalatiga.org/tata-ibadah-minggu-3-juli-2022/,Tata Ibadah Minggu 3 Juli 2022,2022-07-03T06:15:57+07:00,https://drive.google.com/file/d/1zU5o3pRV2Qvg5FhE44ltI9TIW1fFK8CN/preview,true
130,https://gkisalatiga.org/tata-ibadah-minggu-26-juni-2022/,Tata Ibadah Minggu 26 Juni 2022,2022-06-26T05:58:21+07:00,https://drive.google.com/file/d/1Ej0afCe0u4AEsmtjVZXIj7PrkwNbwsJ_/preview,true
131,https://gkisalatiga.org/tata-ibadah-minggu-19-juni-2022/,Tata Ibadah Minggu 19 Juni 2022,2022-06-19T06:50:53+07:00,https://drive.google.com/file/d/1NYzKZ5kLKUfVDqwDx9Z9IocS6fUH05Gr/preview,true
132,https://gkisalatiga.org/tata-ibadah-minggu-trinitas-12-juni-2022/,Tata Ibadah Minggu Trinitas 12 Juni 2022,2022-06-12T05:31:00+07:00,https://drive.google.com/file/d/1cQdlxL8AIkgQjDPhUGchiazti6KTkeXa/preview,true
133,https://gkisalatiga.org/tata-ibadah-minggu-29-mei-2022/,Tata Ibadah Minggu 29 Mei 2022,2022-05-29T06:31:20+07:00,https://drive.google.com/file/d/1rhDAl_4ceVWZWBrEM4fOiIrzb-wjiD_X/preview,true
134,https://gkisalatiga.org/tata-ibadah-kenaikan-tuhan-yesus-ke-sorga/,Tata Ibadah Kenaikan Tuhan Yesus Ke Sorga,2022-05-26T07:29:13+07:00,https://drive.google.com/file/d/15fDZlAMDRkIiUtfOasIFIGnRl2hK3myC/preview,true
135,https://gkisalatiga.org/tata-ibadah-minggu-15-mei-2022/,Tata Ibadah Minggu 15 Mei 2022,2022-05-15T06:45:57+07:00,https://drive.google.com/file/d/1jd6vXfX7427v8GQVZjFUDUbqJQaA4nnu/preview,true
136,https://gkisalatiga.org/tata-ibadah-minggu-8-mei-2022/,Tata Ibadah Minggu 8 Mei 2022,2022-05-08T06:53:49+07:00,https://drive.google.com/file/d/1pEfcSsMPxOC2rNfHfuPpdpOveQwakDsn/preview,true
137,https://gkisalatiga.org/tata-ibadah-minggu-1-mei-2022/,Tata Ibadah Minggu 1 Mei 2022,2022-04-30T15:40:11+07:00,https://drive.google.com/file/d/1Jqhh6Pl5oGA4nM_2lsAiWWEzGQgL5cCS/preview,true
138,https://gkisalatiga.org/tata-ibadah-minggu-24-april-2022/,Tata Ibadah Minggu 24 April 2022,2022-04-24T06:26:17+07:00,https://drive.google.com/file/d/1OAucVOqW1Ia2PA3j4JmAU64P3c7kyaFJ/preview,true
139,https://gkisalatiga.org/tata-ibadah-minggu-paskah-17-april-2022-paskah-subuh/,Tata Ibadah Minggu Paskah 17 April 2022 (Paskah Subuh),2022-04-17T02:14:18+07:00,https://drive.google.com/file/d/1YAYORt5eEEZqudBFIUVxp1gxhe8SmT7h/preview,true
140,https://gkisalatiga.org/tata-ibadah-minggu-palmarum-10-april-2022/,Tata Ibadah Minggu Palmarum 10 April 2022,2022-04-10T06:36:36+07:00,https://drive.google.com/file/d/1L4MnRzRAS6fUFI2tMoEPeDBP_EnztU9S/preview,true
141,https://gkisalatiga.org/tata-ibadah-minggu-3-april-2022/,Tata Ibadah Minggu 3 April 2022,2022-04-03T06:31:30+07:00,https://drive.google.com/file/d/1W_valoplbbCV7U3N0PKslt3bHEN13uRH/preview,true
142,https://gkisalatiga.org/tata-ibadah-minggu-27-maret-2022/,Tata Ibadah Minggu 27 Maret 2022,2022-03-27T05:43:21+07:00,https://drive.google.com/file/d/1HPcNzM7NRYyeJQWD0bbPBlU7XibwDH8j/preview,true
143,https://gkisalatiga.org/tata-ibadah-minggu-20-maret-2022/,Tata Ibadah Minggu 20 Maret 2022,2022-03-20T04:30:08+07:00,https://drive.google.com/file/d/1Wblvru1J4oDFA7mbBdPax7lazdLWI9z3/preview,true
144,https://gkisalatiga.org/tata-ibadah-minggu-13-maret-2022/,Tata Ibadah Minggu 13 Maret 2022,2022-03-13T06:36:15+07:00,https://drive.google.com/file/d/1XnOyflAuWth2U8w_lIywa62S3OGYhTgY/preview,true
145,https://gkisalatiga.org/tata-ibadah-20-februari-2022/,Tata Ibadah 20 Februari 2022,2022-02-20T07:06:49+07:00,https://drive.google.com/file/d/1wCX7xWDFB5b9ftOKJEQ4KDLjV5MQI_pL/preview,true
146,https://gkisalatiga.org/tata-ibadah-minggu-13-februari-2022/,Tata Ibadah Minggu 13 Februari 2022,2022-02-13T07:00:15+07:00,https://drive.google.com/file/d/1SV9OXm9GlFFn3Zkcz-4Dy-gNtqUugasc/preview,true
147,https://gkisalatiga.org/tata-ibadah-minggu-6-februari-2022/,Tata Ibadah Minggu 6 Februari 2022,2022-02-06T06:48:38+07:00,https://drive.google.com/file/d/1NQJkCJloJjC-tiZ6Gp9Ef95-dNoymT_E/preview,true
148,https://gkisalatiga.org/tata-ibadah-minggu-30-januari-2022/,Tata Ibadah Minggu 30 Januari 2022,2022-01-30T06:29:04+07:00,https://drive.google.com/file/d/1RCNeRMg8hETYRzOb_jfOK1uJjDRYQAtv/preview,true
149,https://gkisalatiga.org/tata-ibadah-minggu-23-januari-2022/,Tata Ibadah Minggu 23 Januari 2022,2022-01-23T07:03:27+07:00,https://drive.google.com/file/d/1kpZMmUuw3Eh_SPoQxJ8z9dPaaCdp4edd/preview,true
150,https://gkisalatiga.org/tata-ibadah-minggu-16-januari-2022/,Tata Ibadah Minggu 16 Januari 2022,2022-01-16T05:08:33+07:00,https://drive.google.com/file/d/15QYf9P0evBPdf0-dlfXthc_L0JckRNBf/preview,true
151,https://gkisalatiga.org/tata-ibadah-minggu-2-januari-2022/,Tata Ibadah Minggu 2 Januari 2022,2022-01-02T06:46:40+07:00,https://drive.google.com/file/d/1JeIzOSBGcT77wnWBT2EuMdfeqaEDaZQm/preview,true
152,https://gkisalatiga.org/tata-ibadah-minggu-26-desember-2021/,Tata Ibadah Minggu 26 Desember 2021,2021-12-26T05:55:36+07:00,https://drive.google.com/file/d/1mmMDoHV90UMq9dlB9kGLQU_6BEDbRxYI/preview,true
153,https://gkisalatiga.org/tata-ibadah-minggu-21-november-2021/,Tata Ibadah Minggu 21 November 2021,2021-11-21T06:44:59+07:00,https://drive.google.com/file/d/1l5lUaO1G1xR-mP-Tn3sfEiX9ciLxc9_Z/preview,true
154,https://gkisalatiga.org/tata-ibadah-minggu-14-november-2021/,Tata Ibadah Minggu 14 November 2021,2021-11-14T06:36:50+07:00,https://drive.google.com/file/d/1z34J_LlpiTrBnTuJYtaTk4D56QMDpF2u/preview,true
155,https://gkisalatiga.org/tata-ibadah-7-november-2021/,Tata Ibadah 7 November 2021,2021-11-07T07:49:00+07:00,https://drive.google.com/file/d/1bNsp9yQHCLegN6XY7gEutIi6QbQ_xM33/preview,true
156,https://gkisalatiga.org/tata-ibadah-minggu-31-oktober-2021/,Tata Ibadah Minggu 31 Oktober 2021,2021-10-31T06:27:34+07:00,https://drive.google.com/file/d/1pmH2EZoF6D6E1-WrabHR5llFFDHHVkvg/preview,true
157,https://gkisalatiga.org/tata-ibadah-minggu-24-oktober-2021/,Tata Ibadah Minggu 24 Oktober 2021,2021-10-24T06:54:01+07:00,https://drive.google.com/file/d/1cohX-dk-nOL3iPJqetPLRqc_jwmUsJIV/preview,true
158,https://gkisalatiga.org/tata-ibadah-minggu-10-oktober-2021/,Tata Ibadah Minggu 10 Oktober 2021,2021-10-10T07:45:03+07:00,special-case,
159,https://gkisalatiga.org/tata-ibadah-minggu-3-oktober-2021/,Tata Ibadah Minggu 3 Oktober 2021,2021-10-03T07:31:08+07:00,special-case,
160,https://gkisalatiga.org/tata-ibadah-minggu-26-september-2021/,Tata Ibadah Minggu 26 September 2021,2021-09-26T06:44:27+07:00,special-case,
161,https://gkisalatiga.org/tata-ibadah-minggu-19-september-2021/,Tata Ibadah Minggu 19 September 2021,2021-09-19T07:29:22+07:00,special-case,
162,https://gkisalatiga.org/tata-ibadah-minggu-12-september-2021/,Tata Ibadah Minggu 12 September 2021,2021-09-12T07:59:24+07:00,special-case,
163,https://gkisalatiga.org/tata-ibadah-minggu-5-september-2021/,Tata Ibadah Minggu 5 September 2021,2021-09-05T07:50:11+07:00,special-case,
164,https://gkisalatiga.org/tata-ibadah-minggu-29-agustus-2021/,Tata Ibadah Minggu 29 Agustus 2021,2021-08-29T05:41:31+07:00,special-case,
165,https://gkisalatiga.org/tata-ibadah-minggu-22-agustus-2021/,Tata Ibadah Minggu 22 Agustus 2021,2021-08-22T06:42:31+07:00,special-case,
166,https://gkisalatiga.org/tata-ibadah-minggu-15-agustus-2021/,Tata Ibadah Minggu 15 Agustus 2021,2021-08-15T06:55:57+07:00,special-case,
167,https://gkisalatiga.org/tata-ibadah-minggu-8-agustus-2021/,Tata Ibadah Minggu 8 Agustus 2021,2021-08-08T06:23:45+07:00,special-case,
168,https://gkisalatiga.org/tata-ibadah-minggu-1-agustus-2021/,Tata Ibadah Minggu 1 Agustus 2021,2021-08-01T06:45:57+07:00,special-case,
169,https://gkisalatiga.org/tata-ibadah-minggu-18-juli-2021/,Tata Ibadah Minggu 18 Juli 2021,2021-07-18T07:30:10+07:00,special-case,
170,https://gkisalatiga.org/tata-ibadah-minggu-11-juli-2021/,Tata Ibadah Minggu 11 Juli 2021,2021-07-11T07:59:11+07:00,special-case,
171,https://gkisalatiga.org/tata-ibadah-minggu-4-juli-2021/,Tata Ibadah Minggu 4 Juli 2021,2021-07-04T07:46:51+07:00,special-case,
172,https://gkisalatiga.org/tata-ibadah-minggu-27-juni-2021/,Tata Ibadah Minggu 27 Juni 2021,2021-06-27T06:22:59+07:00,special-case,
173,https://gkisalatiga.org/tata-ibadah-minggu-20-juni-2021/,Tata Ibadah Minggu 20 Juni 2021,2021-06-20T06:01:52+07:00,special-case,
174,https://gkisalatiga.org/tata-ibadah-minggu-13-juni-2021/,Tata Ibadah Minggu 13 Juni 2021,2021-06-13T07:17:06+07:00,special-case,
175,https://gkisalatiga.org/tata-ibadah-minggu-6-juni-2021/,Tata Ibadah Minggu 6 Juni 2021,2021-06-06T07:20:58+07:00,special-case,
176,https://gkisalatiga.org/tata-ibadah-minggu-30-mei-2021/,Tata Ibadah Minggu 30 Mei 2021,2021-05-30T07:08:20+07:00,special-case,
177,https://gkisalatiga.org/tata-ibadah-minggu-pentakosta-23-mei-2021/,Tata Ibadah Minggu Pentakosta 23 Mei 2021,2021-05-23T07:31:52+07:00,special-case,
178,https://gkisalatiga.org/tata-ibadah-minggu-16-mei-2021/,Tata Ibadah Minggu 16 Mei 2021,2021-05-16T06:27:05+07:00,special-case,
179,https://gkisalatiga.org/tata-ibadah-kenaikan-tuhan-yesus-13-mei-2021/,Tata Ibadah Kenaikan Tuhan Yesus – 13 Mei 2021,2021-05-13T08:43:35+07:00,special-case,
180,https://gkisalatiga.org/tata-ibadah-minggu-9-mei-2021/,Tata Ibadah Minggu 9 Mei 2021,2021-05-09T07:30:14+07:00,special-case,
181,https://gkisalatiga.org/tata-ibadah-minggu-2-mei-2021/,Tata Ibadah Minggu 2 Mei 2021,2021-05-02T07:49:01+07:00,special-case,
182,https://gkisalatiga.org/tata-ibadah-minggu-25-april-2021/,Tata Ibadah Minggu 25 April 2021,2021-04-25T07:29:06+07:00,special-case,
183,https://gkisalatiga.org/tata-ibadah-minggu-18-april-2021/,Tata Ibadah Minggu 18 April 2021,2021-04-18T07:00:14+07:00,special-case,
184,https://gkisalatiga.org/tata-ibadah-minggu-11-april-2021/,Tata Ibadah Minggu 11 April 2021,2021-04-11T06:54:37+07:00,special-case,
185,https://gkisalatiga.org/tata-ibadah-hari-raya-paskah-4-april-2021/,Tata Ibadah Hari Raya Paskah 4 April 2021,2021-04-04T06:03:35+07:00,special-case,
186,https://gkisalatiga.org/tata-ibadah-sabtu-sunyi-3-april-2021/,Tata Ibadah Sabtu Sunyi 3 April 2021,2021-04-03T14:47:47+07:00,special-case,
187,https://gkisalatiga.org/tata-ibadah-jumat-agung-2-april-2021/,Tata Ibadah Jumat Agung 2 April 2021,2021-04-02T14:32:59+07:00,special-case,
188,https://gkisalatiga.org/tata-ibadah-kamis-putih-1-april-2021/,Tata Ibadah Kamis Putih 1 April 2021,2021-04-01T16:20:32+07:00,special-case,
189,https://gkisalatiga.org/tata-ibadah-minggu-palmarum-28-maret-2021/,Tata Ibadah Minggu Palmarum 28 Maret 2021,2021-03-28T06:52:54+07:00,special-case,
190,https://gkisalatiga.org/tata-ibadah-minggu-21-maret-2021/,Tata Ibadah Minggu 21 Maret 2021,2021-03-21T07:24:06+07:00,special-case,
191,https://gkisalatiga.org/tata-ibadah-minggu-14-maret-2021/,Tata Ibadah Minggu 14 Maret 2021,2021-03-14T06:48:20+07:00,special-case,
192,https://gkisalatiga.org/tata-ibadah-minggu-7-maret-2021/,Tata Ibadah Minggu 7 Maret 2021,2021-03-07T07:15:27+07:00,special-case,
193,https://gkisalatiga.org/tata-ibadah-minggu-28-februari-2021/,Tata Ibadah Minggu 28 Februari 2021,2021-02-28T07:42:39+07:00,special-case,
194,https://gkisalatiga.org/tata-ibadah-minggu-21-februari-2021/,Tata Ibadah Minggu 21 Februari 2021,2021-02-21T07:30:27+07:00,special-case,
195,https://gkisalatiga.org/tata-ibadah-minggu-14-februari-2021/,Tata Ibadah Minggu 14 Februari 2021,2021-02-14T07:54:04+07:00,special-case,
196,https://gkisalatiga.org/tata-ibadah-minggu-7-februari-2021/,Tata Ibadah Minggu 7 Februari 2021,2021-02-07T07:44:17+07:00,special-case,
197,https://gkisalatiga.org/tata-ibadah-minggu-31-januari-2021/,Tata Ibadah Minggu 31 Januari 2021,2021-01-31T07:05:12+07:00,special-case,
198,https://gkisalatiga.org/tata-ibadah-minggu-24-januari-2021-ibadah-syukur-hut-ke-78-gki-salatiga/,Tata Ibadah Minggu 24 Januari 2021 (Ibadah Syukur HUT KE-78 GKI Salatiga),2021-01-24T07:36:54+07:00,special-case,
199,https://gkisalatiga.org/tata-ibadah-minggu-17-januari-2021/,Tata Ibadah Minggu 17 Januari 2021,2021-01-17T07:32:34+07:00,special-case,
200,https://gkisalatiga.org/tata-ibadah-minggu-10-januari-2021/,Tata Ibadah Minggu 10 Januari 2021,2021-01-10T07:10:34+07:00,special-case,
201,https://gkisalatiga.org/tata-ibadah-minggu-3-januari/,Tata Ibadah Minggu 3 Januari,2021-01-03T07:15:04+07:00,special-case,
202,https://gkisalatiga.org/tata-ibadah-tahun-baru-2021-1-januari-2021/,Tata Ibadah Tahun Baru 2021 – 1 Januari 2021,2021-01-01T07:38:25+07:00,special-case,
203,https://gkisalatiga.org/tata-ibadah-tutup-tahun-gki-salatiga-31-desember-2020/,Tata Ibadah Tutup Tahun GKI Salatiga – 31 Desember 2020,2020-12-31T16:24:28+07:00,special-case,
204,https://gkisalatiga.org/tata-ibadah-minggu-27-desember-2020/,Tata Ibadah Minggu 27 Desember 2020,2020-12-27T05:24:03+07:00,special-case,
205,https://gkisalatiga.org/tata-ibadah-minggu-adven-iv-20-desember-2020/,Tata Ibadah Minggu Adven IV – 20 Desember 2020,2020-12-20T06:36:05+07:00,special-case,
206,https://gkisalatiga.org/tata-ibadah-minggu-adven-iii-13-desember-2020/,Tata Ibadah Minggu Adven III – 13 Desember 2020,2020-12-13T06:44:26+07:00,special-case,
207,https://gkisalatiga.org/tata-ibadah-minggu-adven-ii-6-desember-2020/,Tata Ibadah Minggu Adven II – 6 Desember 2020,2020-12-06T06:41:16+07:00,special-case,
208,https://gkisalatiga.org/tata-ibadah-minggu-29-november-2020/,Tata Ibadah Minggu 29 November 2020,2020-11-29T06:45:30+07:00,special-case,
209,https://gkisalatiga.org/tata-ibadah-minggu-22-november-2020/,Tata Ibadah Minggu 22 November 2020,2020-11-22T06:00:42+07:00,special-case,
210,https://gkisalatiga.org/tata-ibadah-minggu-15-november-2020/,Tata Ibadah Minggu 15 November 2020,2020-11-15T02:49:15+07:00,special-case,
211,https://gkisalatiga.org/tata-ibadah-minggu-8-november-2020/,Tata Ibadah Minggu 8 November 2020,2020-11-08T07:25:51+07:00,https://www.youtube.com/embed/L39RnKlnQm0?feature=oembed,false
212,https://gkisalatiga.org/tata-ibadah-minggu-1-november-2020/,Tata Ibadah Minggu 1 November 2020,2020-11-01T06:16:42+07:00,https://www.youtube.com/embed/IkVSDV50AEw?feature=oembed,false
213,https://gkisalatiga.org/tata-ibadah-minggu-25-oktober-2020/,Tata Ibadah Minggu 25 Oktober 2020,2020-10-25T07:04:48+07:00,https://www.youtube.com/embed/TtmKCx-SAso?feature=oembed,false
214,https://gkisalatiga.org/tata-ibadah-18-oktober-2020/,Tata Ibadah Minggu 18 Oktober 2020,2020-10-18T06:58:07+07:00,https://www.youtube.com/embed/WwL3y0yWYNE?feature=oembed,false
215,https://gkisalatiga.org/tata-ibadah-minggu-11-oktober-2020/,Tata Ibadah Minggu 11 Oktober 2020,2020-10-11T06:22:30+07:00,https://www.youtube.com/embed/5eDMJGKwQck?feature=oembed,false
216,https://gkisalatiga.org/tata-ibadah-minggu-4-oktober-2020/,Tata Ibadah Minggu 4 Oktober 2020,2020-10-04T05:58:57+07:00,https://www.youtube.com/embed/MZZ7DnhvP-8?feature=oembed,false
217,https://gkisalatiga.org/tata-ibadah-minggu-27-september-2020/,Tata Ibadah Minggu 27 September 2020,2020-09-27T05:59:15+07:00,https://www.youtube.com/embed/lWr2U9J0n6E?feature=oembed,false
218,https://gkisalatiga.org/tata-ibadah-minggu-20-september-2020/,Tata Ibadah Minggu 20 September 2020,2020-09-20T05:53:15+07:00,special-case,
219,https://gkisalatiga.org/tata-ibadah-minggu-13-september-2020/,Tata Ibadah Minggu 13 September 2020,2020-09-13T02:42:54+07:00,special-case,
220,https://gkisalatiga.org/tata-ibadah-minggu-6-september-2020/,Tata Ibadah Minggu 6 September 2020,2020-09-06T06:21:51+07:00,special-case,
221,https://gkisalatiga.org/tata-ibadah-minggu-30-agustus-2020/,Tata Ibadah Minggu 30 Agustus 2020,2020-08-30T06:31:33+07:00,special-case,
222,https://gkisalatiga.org/tata-ibadah-minggu-23-agustus-2020/,Tata Ibadah Minggu 23 Agustus 2020,2020-08-23T05:14:32+07:00,special-case,
223,https://gkisalatiga.org/tata-ibadah-minggu-16-agustus-2020/,Tata Ibadah Minggu 16 Agustus 2020,2020-08-15T20:31:03+07:00,special-case,
224,https://gkisalatiga.org/tata-ibadah-gki-salatiga-9-agustus-2020/,Tata Ibadah GKI Salatiga 9 Agustus 2020,2020-08-09T01:22:07+07:00,special-case,
225,https://gkisalatiga.org/tata-ibadah-minggu-2-agustus-2020/,Tata Ibadah Minggu 2 Agustus 2020,2020-08-01T19:57:06+07:00,special-case,
226,https://gkisalatiga.org/tata-ibadah-gki-salatiga-26-juli-2020/,Tata Ibadah GKI Salatiga 26 Juli 2020,2020-07-25T19:26:22+07:00,special-case,
227,https://gkisalatiga.org/tata-ibadah-19-juli-2020/,Tata Ibadah 19 Juli 2020,2020-07-18T22:30:52+07:00,special-case,
228,https://gkisalatiga.org/tata-ibadah-minggu-12-juli-2020/,Tata Ibadah Minggu 12 Juli 2020,2020-07-11T20:04:43+07:00,special-case,
229,https://gkisalatiga.org/tata-ibadah-minggu-5-juli-2020/,Tata Ibadah Minggu 5 Juli 2020,2020-07-05T06:00:05+07:00,special-case,
230,https://gkisalatiga.org/tata-ibadah-minggu-28-juni-2020/,Tata Ibadah Minggu 28 Juni 2020,2020-06-27T20:51:04+07:00,special-case,
231,https://gkisalatiga.org/tata-ibadah-minggu-21-juni-2020/,Tata Ibadah Minggu 21 Juni 2020,2020-06-21T06:07:04+07:00,special-case,
232,https://gkisalatiga.org/tata-ibadah-minggu-14-juni-2020/,Tata Ibadah Minggu 14 Juni 2020,2020-06-13T23:26:32+07:00,special-case,
233,https://gkisalatiga.org/tata-ibadah-minggu-trinitas-7-juni-2020/,Tata Ibadah Minggu Trinitas 7 Juni 2020,2020-06-07T06:14:20+07:00,special-case,
234,https://gkisalatiga.org/tata-ibadah-minggu-pentakosta-31-mei-2020/,Tata Ibadah Minggu Pentakosta 31 Mei 2020,2020-05-31T06:15:35+07:00,special-case,
235,https://gkisalatiga.org/tata-ibadah-minggu-paskah-vii-2020/,Tata Ibadah Minggu Paskah VII 2020,2020-05-23T20:58:32+07:00,special-case,
236,https://gkisalatiga.org/tata-ibadah-kenaikan-yesus-21-mei-2020/,Tata Ibadah Kenaikan Yesus (21 Mei 2020),2020-05-20T21:51:18+07:00,special-case,
237,https://gkisalatiga.org/tata-ibadah-minggu-paskah-vi-2020/,Tata Ibadah Minggu Paskah VI 2020,2020-05-16T21:14:31+07:00,special-case,
238,https://gkisalatiga.org/tata-ibadah-minggu-paskah-v-2020/,Tata Ibadah Minggu Paskah V 2020,2020-05-09T21:11:21+07:00,special-case,
239,https://gkisalatiga.org/tata-ibadah-minggu-paskah-iv-2020/,Tata Ibadah Minggu Paskah IV 2020,2020-05-03T06:38:02+07:00,special-case,
240,https://gkisalatiga.org/tata-ibadah-minggu-paskah-3-26-april-2020/,Tata Ibadah Minggu Paskah 3 – 26 April 2020,2020-04-25T18:59:23+07:00,special-case,
241,https://gkisalatiga.org/tata-ibadah-minggu-paskah-2-19-april-2020/,Tata Ibadah Minggu Paskah 2 – 19 April 2020,2020-04-18T18:24:54+07:00,special-case,
242,https://gkisalatiga.org/liturgi-dan-iringan-lagu-ibadah-keluarga-gki-salatiga-29-maret-2020/,Liturgi dan Iringan Lagu Ibadah Keluarga GKI Salatiga 29 Maret 2020,2020-03-28T14:38:09+07:00,https://www.youtube.com/embed/JvP1BcfqccA?feature=oembed,false
243,https://gkisalatiga.org/tata-ibadah-keluarga-minggu-prapaskah-iv/,Tata Ibadah Keluarga Minggu Prapaskah IV,2020-03-21T18:13:42+07:00,special-case,
